<?xml version="1.0" encoding="UTF-8"?>
<metadata modelVersion="1.1.0">
  <groupId>org.atmosphere.samples</groupId>
  <artifactId>atmosphere-rest-chat</artifactId>
  <version>1.1.0-SNAPSHOT</version>
  <versioning>
    <snapshot>
      <localCopy>true</localCopy>
    </snapshot>
    <lastUpdated>20130220060432</lastUpdated>
    <snapshotVersions>
      <snapshotVersion>
        <extension>war</extension>
        <value>1.1.0-SNAPSHOT</value>
        <updated>20130220060432</updated>
      </snapshotVersion>
      <snapshotVersion>
        <extension>pom</extension>
        <value>1.1.0-SNAPSHOT</value>
        <updated>20130220060432</updated>
      </snapshotVersion>
    </snapshotVersions>
  </versioning>
</metadata>
