<assembly
	xmlns="http://maven.apache.org/plugins/maven-assembly-plugin/assembly/1.1.2"
	xmlns:xsi="http://www.w3.org/2001/XMLSchema-instance"
	xsi:schemaLocation="http://maven.apache.org/plugins/maven-assembly-plugin/assembly/1.1.2 http://maven.apache.org/xsd/assembly-1.1.2.xsd">
	<id>distribution</id>
	<baseDirectory>${artifactId}</baseDirectory>
	<includeBaseDirectory>false</includeBaseDirectory>
	<formats>
		<format>zip</format>
	</formats>
	<dependencySets>
		<dependencySet>
			<scope>runtime</scope>
			<outputDirectory>lib/</outputDirectory>
			<includes>
				<include>*</include>
			</includes>
		</dependencySet>
	</dependencySets>
	<fileSets>
		<fileSet>
			<directory>src/main/resources</directory>
			<outputDirectory>webapps/</outputDirectory>
		</fileSet>
		<fileSet>
			<directory>src/main/conf</directory>
			<includes>
				<include>*.xml</include>
			</includes>
			<outputDirectory>conf</outputDirectory>
		</fileSet>
		<fileSet>
			<directory>src/main/scripts</directory>
			<includes>
				<include>*.*</include>
			</includes>
			<outputDirectory>bin</outputDirectory>
		</fileSet>
	</fileSets>
</assembly>
