<?xml version="1.0" encoding="UTF-8"?>
<metadata modelVersion="1.1.0">
  <groupId>org.atmosphere</groupId>
  <artifactId>atmosphere-compat-tomcat</artifactId>
  <version>1.1.0-SNAPSHOT</version>
  <versioning>
    <snapshot>
      <timestamp>20130212.215541</timestamp>
      <buildNumber>87</buildNumber>
    </snapshot>
    <lastUpdated>20130212215541</lastUpdated>
    <snapshotVersions>
      <snapshotVersion>
        <extension>jar</extension>
        <value>1.1.0-20130212.215541-87</value>
        <updated>20130212215541</updated>
      </snapshotVersion>
      <snapshotVersion>
        <extension>pom</extension>
        <value>1.1.0-20130212.215541-87</value>
        <updated>20130212215541</updated>
      </snapshotVersion>
    </snapshotVersions>
  </versioning>
</metadata>
