<atmosphere-handlers>
	<atmosphere-handler support-session="true"
		context-root="/dispatch" class-name="org.atmosphere.handler.ReflectorServletProcessor"
		broadcaster="org.atmosphere.samples.twitter.TwitterBroadcaster"
		broadcasterCache=""
		broadcastFilterClasses=""
        interceptorClasses=""
		comet-support="">
		
		<property name="servletClassName"
			value="com.sun.jersey.spi.container.servlet.ServletContainer" />
			
		<applicationConfig>
			<param-name>org.atmosphere.jersey.servlet-mapping</param-name>
			<param-value></param-value>
		</applicationConfig>

		<applicationConfig>
			<param-name>org.atmosphere.useBlocking</param-name>
			<param-value></param-value>
		</applicationConfig>

		<applicationConfig>
			<param-name>org.atmosphere.useNative</param-name>
			<param-value></param-value>
		</applicationConfig>

		<applicationConfig>
			<param-name>org.atmosphere.useWebSocket</param-name>
			<param-value></param-value>
		</applicationConfig>

		<applicationConfig>
			<param-name>org.atmosphere.useStream</param-name>
			<param-value></param-value>
		</applicationConfig>

		<applicationConfig>
			<param-name>org.atmosphere.cpr.broadcasterFactory</param-name>
			<param-value></param-value>
		</applicationConfig>

		<applicationConfig>
			<param-name>org.atmosphere.cpr.broadcasterClass</param-name>
			<param-value></param-value>
		</applicationConfig>

		<applicationConfig>
			<param-name>org.atmosphere.cpr.broadcasterCacheClass</param-name>
			<param-value></param-value>
		</applicationConfig>

		<applicationConfig>
			<param-name>org.atmosphere.cpr.asyncSupport</param-name>
			<param-value></param-value>
		</applicationConfig>

		<applicationConfig>
			<param-name>org.atmosphere.cpr.sessionSupport</param-name>
			<param-value></param-value>
		</applicationConfig>

		<applicationConfig>
			<param-name>org.atmosphere.resumeOnBroadcast</param-name>
			<param-value></param-value>
		</applicationConfig>


		<applicationConfig>
			<param-name>org.atmosphere.cpr.noCacheHeaders</param-name>
			<param-value></param-value>
		</applicationConfig>

		<applicationConfig>
			<param-name>org.atmosphere.cpr.dropAccessControlAllowOriginHeader
			</param-name>
			<param-value></param-value>
		</applicationConfig>

		<applicationConfig>
			<param-name>org.atmosphere.cpr.broadcasterLifeCyclePolicy
			</param-name>
			<param-value></param-value>
		</applicationConfig>

		<applicationConfig>
			<param-name>org.atmosphere.websocket.WebSocketProcessor</param-name>
			<param-value></param-value>
		</applicationConfig>

		<applicationConfig>
			<param-name>org.atmosphere.websocket.messageContentType</param-name>
			<param-value></param-value>
		</applicationConfig>

		<applicationConfig>
			<param-name>org.atmosphere.websocket.messageMethod</param-name>
			<param-value></param-value>
		</applicationConfig>

		<applicationConfig>
			<param-name>org.atmosphere.websocket.maxIdleTime</param-name>
			<param-value></param-value>
		</applicationConfig>

		<applicationConfig>
			<param-name>org.atmosphere.websocket.bufferSize</param-name>
			<param-value></param-value>
		</applicationConfig>

		<applicationConfig>
			<param-name>org.atmosphere.websocket.pathDelimiter</param-name>
			<param-value></param-value>
		</applicationConfig>

		<applicationConfig>
			<param-name>org.atmosphere.cpr.AtmosphereResource</param-name>
			<param-value></param-value>
		</applicationConfig>

		<applicationConfig>
			<param-name>org.atmosphere.cpr.broadcastFilterClasses</param-name>
			<param-value></param-value>
		</applicationConfig>

		<applicationConfig>
			<param-name>org.atmosphere.cpr.AtmosphereServlet.resumeAndKeepAlive
			</param-name>
			<param-value></param-value>
		</applicationConfig>

		<applicationConfig>
			<param-name>org.atmosphere.cpr.AtmosphereServlet.resumedOnTimeout
			</param-name>
			<param-value></param-value>
		</applicationConfig>

		<applicationConfig>
			<param-name>org.atmosphere.disableOnStateEvent</param-name>
			<param-value></param-value>
		</applicationConfig>

		<applicationConfig>
			<param-name>org.atmosphere.cpr.AsyncSupport.maxInactiveActivity
            </param-name>
			<param-value></param-value>
		</applicationConfig>

		<applicationConfig>
			<param-name>org.atmosphere.cpr.Trackable</param-name>
			<param-value></param-value>
		</applicationConfig>

		<applicationConfig>
			<param-name>org.atmosphere.cpr.allowQueryStreamAsPostOrGet
			</param-name>
			<param-value></param-value>
		</applicationConfig>

		<applicationConfig>
			<param-name>org.atmosphere.cpr.customCometSupport</param-name>
			<param-value></param-value>
		</applicationConfig>


		<frameworkConfig>


			<param-name>org.atmosphere.jersey.JerseyBroadcaster</param-name>
			<param-value></param-value>
		</frameworkConfig>
		<frameworkConfig>
			<param-name>org.atmosphere.plugin.redis.RedisBroadcaster</param-name>
			<param-value></param-value>
		</frameworkConfig>
		<frameworkConfig>
			<param-name>org.atmosphere.plugin.jms.JMSBroadcaster</param-name>
			<param-value></param-value>
		</frameworkConfig>
		<frameworkConfig>
			<param-name>org.atmosphere.plugin.jgroups.JGroupsBroadcaster
			</param-name>
			<param-value></param-value>
		</frameworkConfig>
		<frameworkConfig>
			<param-name>org.atmosphere.plugin.xmpp.XMPPBroadcaster</param-name>
			<param-value></param-value>
		</frameworkConfig>
		<frameworkConfig>
			<param-name>com.sun.jersey.spi.container.servlet.ServletContainer
			</param-name>
			<param-value></param-value>
		</frameworkConfig>
		<frameworkConfig>
			<param-name>org.atmosphere.cpr.AtmosphereServlet</param-name>
			<param-value></param-value>
		</frameworkConfig>
		<frameworkConfig>
			<param-name>org.atmosphere.cpr.AtmosphereResource</param-name>
			<param-value></param-value>
		</frameworkConfig>
		<frameworkConfig>
			<param-name>org.atmosphere.cpr.AsynchronousProcessor.supportSession
			</param-name>
			<param-value></param-value>
		</frameworkConfig>
		<frameworkConfig>
			<param-name>org.atmosphere.cpr.AtmosphereHandler</param-name>
			<param-value></param-value>
		</frameworkConfig>
		<frameworkConfig>
			<param-name>org.atmosphere.jersey.containerResponse</param-name>
			<param-value></param-value>
		</frameworkConfig>
		<frameworkConfig>
			<param-name>org.atmosphere.cpr.AtmosphereResource.writeHeader
			</param-name>
			<param-value></param-value>
		</frameworkConfig>

	</atmosphere-handler>
</atmosphere-handlers>

        