<?xml version="1.0" encoding="UTF-8"?>
<metadata modelVersion="1.1.0">
  <groupId>org.atmosphere</groupId>
  <artifactId>atmosphere-jquery</artifactId>
  <version>1.1.0-SNAPSHOT</version>
  <versioning>
    <snapshot>
      <timestamp>20130212.215619</timestamp>
      <buildNumber>85</buildNumber>
    </snapshot>
    <lastUpdated>20130212215619</lastUpdated>
    <snapshotVersions>
      <snapshotVersion>
        <extension>war</extension>
        <value>1.1.0-20130212.215619-85</value>
        <updated>20130212215619</updated>
      </snapshotVersion>
      <snapshotVersion>
        <extension>pom</extension>
        <value>1.1.0-20130212.215619-85</value>
        <updated>20130212215619</updated>
      </snapshotVersion>
    </snapshotVersions>
  </versioning>
</metadata>
