<?xml version="1.0" encoding="UTF-8"?>
<metadata modelVersion="1.1.0">
  <groupId>org.atmosphere</groupId>
  <artifactId>atmosphere-project</artifactId>
  <version>1.1.0-SNAPSHOT</version>
  <versioning>
    <snapshot>
      <timestamp>20130212.215518</timestamp>
      <buildNumber>82</buildNumber>
    </snapshot>
    <lastUpdated>20130212215518</lastUpdated>
    <snapshotVersions>
      <snapshotVersion>
        <extension>pom</extension>
        <value>1.1.0-20130212.215518-82</value>
        <updated>20130212215518</updated>
      </snapshotVersion>
    </snapshotVersions>
  </versioning>
</metadata>
