<atmosphere-handlers>
    <!-- Jersey -->
    <atmosphere-handler support-session="false"
                        context-root="/a/resource/*"
                        class-name="org.atmosphere.handler.ReflectorServletProcessor">
        <property name="servletClassName" value="com.sun.jersey.spi.container.servlet.ServletContainer"/>
    </atmosphere-handler>

    <!-- AtmosphereHandler -->
    <atmosphere-handler support-session="true"
                        context-root="/a/ah/*"
                        broadcaster="org.atmosphere.cpr.DefaultBroadcaster"
                        class-name="org.atmosphere.samples.pubsub.websocket.AtmosphereHandler">
    </atmosphere-handler>

    <!-- Meteor -->
    <atmosphere-handler support-session="true"
                        context-root="/a/meteor/*"
                        broadcaster="org.atmosphere.cpr.DefaultBroadcaster"
                        class-name="org.atmosphere.handler.ReflectorServletProcessor">
        <property name="servletClassName" value="org.atmosphere.samples.pubsub.websocket.Meteor"/>
    </atmosphere-handler>
</atmosphere-handlers>

        